arrow/award/aware/brawl/brawn/braws/crawl/craws/dewar/drawl/drawn/draws/dwarf/jowar/pawer/prawn/rawer/rawin/rawly/resaw/rewan/rewax/rowan/sawer/sewar/sowar/straw/sward/sware/swarf/swarm/swart/swear/tawer/thraw/trawl/wader/wafer/wager/wairs/waker/waler/wards/wared/wares/warez/warks/warms/warns/warps/warts/warty/water/waver/waxer/wears/weary/wharf/wirra/wrack/wrang/wraps/wrapt/wrath/wreak/awry/braw/craw/draw/raws/wair/ward/ware/wark/warm/warn/warp/wars/wart/wary/waur/wear/wrap/raw/war/alow/anew/avow/away/awed/awee/awes/awls/awns/awny/awol/bawd/bawk/bawl/bawn/blaw/brew/brow/caws/chaw/claw/crew/crow/dawk/dawn/daws/dawt/drew/ewer/fawn/flaw/frow/gawk/gawp/gnaw/grew/grow/hawk/haws/hwan/jaws/lawn/laws/mawn/maws/pawl/pawn/paws/prow/rows/sawn/saws/shaw/shwa/slaw/snaw/staw/swab/swag/swam/swan/swap/swat/sway/taws/thaw/trow/twae/twas/twat/vaws/vrow/waah/wabs/wack/wade/wadi/wads/wady/waes/waff/waft/wage/wags/waif/wail/wain/wait/wake/wale/wali/walk/wall/waly/wame/wand/wane/wank/wans/want/wany/waps/wash/wasp/wast/wats/watt/wauk/waul/wave/wavy/wawl/waws/waxy/ways/weak/weal/wean/weer/weir/weka/were/wert/weta/wham/whap/what/whir/whoa/wire/wiry/woad/word/wore/work/worm/worn/wort/wren/writ/yawl/yawn/yawp/yaws/awa/awe/awl/awn/caw/daw/haw/jaw/law/maw/naw/paw/row/saw/taw/twa/vaw/wab/wad/wae/wag/wan/wap/was/wat/waw/wax/way/wha/wry/yaw/bow/cow/cwm/dew/dow/eew/ewe/few/hew/how/jew/jow/low/mew/mow/new/now/owe/owl/own/owt/pew/pow/sew/sow/tew/tow/two/vow/web/wed/wee/wen/wet/who/why/wig/win/wis/wit/wiz/woe/wog/wok/won/woo/wop/wos/wot/wow/wud/wuz/wye/wyn/yew/yow/abri/acre/acro/aero/aery/afar/afro/agar/ager/agro/airn/airs/airt/airy/ajar/alar/amir/aper/arak/arbs/arch/arco/arcs/area/areg/ares/arfs/argh/aria/arid/aril/arks/arms/army/arse/arts/arty/arum/arvo/aryl/aura/aver/barb/bard/bare/barf/bark/barm/barn/bars/bear/boar/bora/brad/brae/brag/bran/bras/brat/bray/bura/carb/card/care/cark/carl/carn/carp/carr/cars/cart/char/crab/crag/cram/crap/czar/darb/dare/dark/darn/dart/dear/drab/drag/dram/drat/dray/dura/earl/earn/ears/eras/eyra/fair/fard/fare/farl/farm/faro/fart/fear/fiar/fora/frae/frag/frap/frat/fray/garb/gars/gaur/gear/gnar/grab/grad/gram/gran/grat/gray/guar/haar/hair/hard/hare/hark/harl/harm/harp/hart/hear/hoar/hora/izar/jarl/jars/jura/karn/kart/kbar/knar/kora/krai/kray/kyar/lair/lard/lari/lark/larn/lars/lear/liar/lira/maar/mair/mara/marc/mare/mark/marl/mars/mart/mora/mura/narc/nard/nark/nary/near/oars/okra/orad/oral/orca/orra/osar/pair/para/pard/pare/park/parr/pars/part/pear/pram/prao/prat/prau/pray/proa/race/rack/racy/rads/raff/raft/raga/rage/ragg/ragi/rags/raia/raid/rail/rain/rais/raja/rake/raki/raku/rale/rami/ramp/rams/rand/rang/rani/rank/rant/rape/raps/rapt/rare/rase/rash/rasp/rate/rath/rato/rats/rave/raya/rays/raze/razz/read/real/ream/reap/rear/rhea/rial/rias/road/roam/roan/roar/rota/ruga/ryas/sard/sari/sark/scar/sear/sera/soar/sora/spar/star/sura/tahr/tare/tarn/taro/tarp/tars/tart/tear/tora/trad/tram/trap/tray/tsar/tzar/urea/ursa/vair/vara/vars/vary/vera/yard/yare/yarn/year/zarf/air/arb/arc/are/arf/ark/arm/ars/art/bar/bra/car/ear/era/far/gar/jar/lar/mar/oar/ora/par/rad/rag/rah/rai/raj/ram/ran/rap/ras/rat/rax/ray/ria/rya/tar/var/yar/ar/awa/awe/awl/awn/caw/daw/haw/jaw/law/maw/naw/paw/raw/saw/taw/twa/vaw/wab/wad/wae/wag/wan/wap/war/was/wat/wax/way/wha/yaw/aw/bill/dill/fill/gill/hill/ills/illy/jill/kill/lilo/lilt/lily/mill/nill/pill/rill/sill/till/vill/will/yill/zill/ill/ail/all/ell/fil/ilk/lei/lib/lid/lie/lin/lip/lis/lit/mil/nil/oil/til/li
